column,dtype,null_count,null_rate,n_unique,min,p50,max
cve_mun,bigint,0,0.0,2471,1001.0,20228.0,32058.0
trim,bigint,0,0.0,17,119.0,318.0,421.0
cve_edo,bigint,0,0.0,32,1.0,20.0,32.0
region,text,0,0.0,6,,,
estado,text,0,0.0,32,,,
municipio,text,0,0.0,2424,,,
pob,bigint,0,0.0,8735,81.0,13701.0,1922523.0
pob_adulta,bigint,0,0.0,8416,66.0,9873.0,1468256.0
pob_adulta_m,bigint,0,0.0,7506,36.0,5133.0,766847.0
pob_adulta_h,bigint,0,0.0,7332,26.0,4767.0,736875.0
tipo_pob,text,0,0.0,6,,,
ncont_ahorro_m,bigint,0,0.0,1099,0.0,0.0,13130.0
ncont_ahorro_h,bigint,0,0.0,1127,0.0,0.0,15965.0
ncont_ahorro_pm,bigint,0,0.0,36,0.0,0.0,202.0
ncont_ahorro_t,bigint,0,0.0,1365,0.0,0.0,28206.0
ncont_plazo_m,bigint,0,0.0,4147,0.0,0.0,138816.0
ncont_plazo_h,bigint,0,0.0,3343,0.0,0.0,594884.0
ncont_plazo_pm,bigint,0,0.0,985,0.0,0.0,26191.0
ncont_plazo_t,bigint,0,0.0,5083,0.0,0.0,718838.0
ncont_n1_m,bigint,0,0.0,123,0.0,0.0,22827.0
ncont_n1_h,bigint,0,0.0,142,0.0,0.0,445236.0
ncont_n1_pm,bigint,0,0.0,9,0.0,0.0,11.0
ncont_n1_t,bigint,0,0.0,186,0.0,0.0,468063.0
ncont_n2_m,bigint,0,0.0,7724,0.0,140.0,4163526.0
ncont_n2_h,bigint,0,0.0,7263,0.0,136.0,2387959.0
ncont_n2_pm,bigint,0,0.0,350,0.0,0.0,11773.0
ncont_n2_t,bigint,0,0.0,9803,0.0,296.0,5267939.0
ncont_n3_m,bigint,0,0.0,1406,0.0,0.0,124446.0
ncont_n3_h,bigint,0,0.0,1555,0.0,0.0,255013.0
ncont_n3_pm,bigint,0,0.0,15,0.0,0.0,243.0
ncont_n3_t,bigint,0,0.0,1926,0.0,0.0,379702.0
ncont_tradic_m,bigint,0,0.0,12376,0.0,0.0,4194798.0
ncont_tradic_h,bigint,0,0.0,11956,0.0,0.0,4016834.0
ncont_tradic_pm,bigint,0,0.0,3416,0.0,0.0,410179.0
ncont_tradic_t,bigint,0,0.0,14246,0.0,0.0,8242396.0
ncont_total_m,bigint,0,0.0,13796,0.0,210.0,4839046.0
ncont_total_h,bigint,0,0.0,13022,0.0,197.0,4425301.0
ncont_total_pm,bigint,0,0.0,3508,0.0,0.0,418676.0
ncont_total_t,bigint,0,0.0,15930,0.0,409.0,9273479.0
saldocont_ahorro_m,bigint,0,0.0,2174,0.0,0.0,562328429.0
saldocont_ahorro_h,bigint,0,0.0,2256,0.0,0.0,565677626.0
saldocont_ahorro_pm,bigint,0,0.0,84,0.0,0.0,251306297.0
saldocont_ahorro_t,bigint,0,0.0,2460,0.0,0.0,1128006054.0
saldocont_plazo_m,bigint,0,0.0,17535,0.0,0.0,43326334498.0
saldocont_plazo_h,bigint,0,0.0,17602,0.0,0.0,41596754422.0
saldocont_plazo_pm,bigint,0,0.0,7547,0.0,0.0,204000000000.0
saldocont_plazo_t,bigint,0,0.0,17954,0.0,0.0,252000000000.0
saldocont_n1_m,bigint,0,0.0,869,0.0,0.0,46461851.0
saldocont_n1_h,bigint,0,0.0,1694,0.0,0.0,205610860.0
saldocont_n1_pm,bigint,0,0.0,34,0.0,0.0,19739.0
saldocont_n1_t,bigint,0,0.0,2029,0.0,0.0,205730972.0
saldocont_n2_m,bigint,0,0.0,33186,0.0,44625.0,6669616765.0
saldocont_n2_h,bigint,0,0.0,33761,0.0,55317.0,4712034597.0
saldocont_n2_pm,bigint,0,0.0,5095,0.0,0.0,12336430.0
saldocont_n2_t,bigint,0,0.0,36597,0.0,111579.0,11381657460.0
saldocont_n3_m,bigint,0,0.0,6513,0.0,0.0,276467077.0
saldocont_n3_h,bigint,0,0.0,6777,0.0,0.0,595622268.0
saldocont_n3_pm,bigint,0,0.0,233,0.0,0.0,22135997.0
saldocont_n3_t,bigint,0,0.0,7058,0.0,0.0,853118381.0
saldocont_tradic_m,bigint,0,0.0,18103,0.0,0.0,41020925508.0
saldocont_tradic_h,bigint,0,0.0,18198,0.0,0.0,52110362052.0
saldocont_tradic_pm,bigint,0,0.0,12516,0.0,0.0,532000000000.0
saldocont_tradic_t,bigint,0,0.0,18337,0.0,0.0,625000000000.0
saldocont_total_m,bigint,0,0.0,33808,0.0,71736.0,66403647325.0
saldocont_total_h,bigint,0,0.0,34339,0.0,86310.0,86073672011.0
saldocont_total_pm,bigint,0,0.0,12560,0.0,0.0,718000000000.0
saldocont_total_t,bigint,0,0.0,36874,0.0,174658.0,851000000000.0
saldoprom_ahorro_m,double precision,39267,0.937048,2137,0.0,21004.0,181322.0
saldoprom_ahorro_h,double precision,39163,0.934566,2213,0.0,17318.0,416614.0
saldoprom_ahorro_pm,double precision,41721,0.995609,84,0.0,1403.5,1295393.0
saldoprom_ahorro_t,double precision,38839,0.926835,2418,0.0,18086.0,162009.0
saldoprom_plazo_m,double precision,24231,0.578236,17174,0.0,199247.0,8466934.0
saldoprom_plazo_h,double precision,24183,0.577091,17366,0.0,274561.0,15623846.0
saldoprom_plazo_pm,double precision,33839,0.807517,7542,0.0,1035037.0,1312868145.0
saldoprom_plazo_t,double precision,23852,0.569192,17666,0.0,233781.0,25681795.0
saldoprom_n1_m,double precision,40586,0.968524,553,0.0,96.0,5963.0
saldoprom_n1_h,double precision,38279,0.913471,1388,0.0,1160.0,20022.0
saldoprom_n1_pm,double precision,41871,0.999189,33,1.0,1539.5,4838.0
saldoprom_n1_t,double precision,37981,0.90636,1480,0.0,1071.0,20022.0
saldoprom_n2_m,double precision,1118,0.026679,3716,0.0,335.0,112249.0
saldoprom_n2_h,double precision,1504,0.035891,3870,0.0,457.0,65132.0
saldoprom_n2_pm,double precision,35436,0.845627,3599,0.0,1314.0,143202.0
saldoprom_n2_t,double precision,615,0.014676,3708,0.0,421.0,66809.0
saldoprom_n3_m,double precision,35184,0.839613,5701,0.0,9178.0,258008.0
saldoprom_n3_h,double precision,34616,0.826059,5746,0.0,7158.0,171635.0
saldoprom_n3_pm,double precision,41569,0.991982,236,0.0,7465.5,22135997.0
saldoprom_n3_t,double precision,34347,0.81964,6012,0.0,8268.5,175110.0
saldoprom_tradic_m,double precision,23696,0.56547,13814,0.0,15840.0,862667.0
saldoprom_tradic_h,double precision,23655,0.564491,14274,0.0,17699.0,602256.0
saldoprom_tradic_pm,double precision,29187,0.696504,12404,0.0,292042.0,24935346.0
saldoprom_tradic_t,double precision,23493,0.560625,15031,0.0,19633.0,2105770.0
saldoprom_total_m,double precision,1102,0.026298,16287,0.0,606.0,730678.0
saldoprom_total_h,double precision,1485,0.035437,16987,0.0,1036.0,1495980.0
saldoprom_total_pm,double precision,29152,0.695669,12473,0.0,306017.0,36726153.0
saldoprom_total_t,double precision,600,0.014318,17290,0.0,825.0,1122686.0
numcontcred_hip_m,bigint,0,0.0,2481,0.0,2.0,52557.0
numcontcred_hip_h,bigint,0,0.0,3031,0.0,5.0,85319.0
numcontcred_hip_t,bigint,0,0.0,3540,0.0,7.0,137876.0
numtar_deb_m,bigint,0,0.0,13147,0.0,177.0,6140629.0
numtar_deb_h,bigint,0,0.0,13256,0.0,233.0,5759481.0
numtar_deb_pm,bigint,0,0.0,3052,0.0,5.0,237417.0
numtar_deb_t,bigint,0,0.0,15393,0.0,433.0,11910909.0
numtar_cred_m,bigint,0,0.0,8601,0.0,91.0,7957679.0
numtar_cred_h,bigint,0,0.0,8603,0.0,122.0,1146270.0
numtar_cred_pm,bigint,0,0.0,1382,0.0,0.0,28271.0
numtar_cred_t,bigint,0,0.0,10636,0.0,215.0,8559015.0
cve_mun_int,bigint,0,0.0,2471,1001.0,20228.0,32058.0
cve_edo_int,bigint,0,0.0,32,1.0,20.0,32.0
year,bigint,0,0.0,5,2018.0,2020.0,2022.0
quarter,bigint,0,0.0,4,1.0,3.0,4.0
periodo_trimestre,text,0,0.0,17,,,
days_total,bigint,0,0.0,3,90.0,92.0,92.0
days_female,bigint,0,0.0,37,0.0,0.0,92.0
days_male,bigint,0,0.0,40,0.0,91.0,92.0
days_missing,bigint,0,0.0,41,0.0,0.0,92.0
alcaldesa,double precision,1986,0.047393,2,0.0,0.0,1.0
alcaldesa_end,double precision,1781,0.042501,2,0.0,0.0,1.0
alcaldesa_transition,bigint,0,0.0,2,0.0,0.0,1.0
alcaldesa_transition_gender,bigint,0,0.0,2,0.0,0.0,1.0
alcaldesa_excl_trans,double precision,3602,0.085956,2,0.0,0.0,1.0
alcaldesa_end_excl_trans,double precision,3545,0.084596,2,0.0,0.0,1.0
t_index,bigint,0,0.0,17,0.0,8.0,16.0
alcaldesa_l1,double precision,4299,0.102589,2,0.0,0.0,1.0
alcaldesa_l2,double precision,6610,0.157738,2,0.0,0.0,1.0
alcaldesa_end_l1,double precision,4095,0.097721,2,0.0,0.0,1.0
alcaldesa_end_l2,double precision,6408,0.152917,2,0.0,0.0,1.0
alcaldesa_excl_trans_l1,double precision,5877,0.140246,2,0.0,0.0,1.0
alcaldesa_excl_trans_l2,double precision,8185,0.195323,2,0.0,0.0,1.0
alcaldesa_end_excl_trans_l1,double precision,5820,0.138886,2,0.0,0.0,1.0
alcaldesa_end_excl_trans_l2,double precision,8128,0.193963,2,0.0,0.0,1.0
hist_mun_available,bigint,0,0.0,2,0.0,1.0,1.0
quarters_in_base,bigint,0,0.0,4,1.0,17.0,17.0
ok_panel_completo,bigint,0,0.0,2,0.0,1.0,1.0
alcaldesa_final,bigint,0,0.0,2,0.0,0.0,1.0
filled_by_manual,bigint,0,0.0,2,0.0,0.0,1.0
alcaldesa_final_l1,double precision,2471,0.058967,2,0.0,0.0,1.0
alcaldesa_final_l2,double precision,4940,0.117886,2,0.0,0.0,1.0
alcaldesa_final_f1,double precision,2471,0.058967,2,0.0,0.0,1.0
alcaldesa_final_f2,double precision,4940,0.117886,2,0.0,0.0,1.0
alcaldesa_final_l3,double precision,7409,0.176805,2,0.0,0.0,1.0
alcaldesa_final_f3,double precision,7409,0.176805,2,0.0,0.0,1.0
cve_ent,text,0,0.0,32,,,
cve_mun3,text,0,0.0,570,,,
cvegeo_mun,text,0,0.0,2471,,,
flag_undef_saldoprom_ahorro_m,bigint,0,0.0,2,0.0,1.0,1.0
flag_undef_saldoprom_ahorro_h,bigint,0,0.0,2,0.0,1.0,1.0
flag_undef_saldoprom_ahorro_pm,bigint,0,0.0,2,0.0,1.0,1.0
flag_undef_saldoprom_ahorro_t,bigint,0,0.0,2,0.0,1.0,1.0
flag_undef_saldoprom_plazo_m,bigint,0,0.0,2,0.0,1.0,1.0
flag_undef_saldoprom_plazo_h,bigint,0,0.0,2,0.0,1.0,1.0
flag_undef_saldoprom_plazo_pm,bigint,0,0.0,2,0.0,1.0,1.0
flag_undef_saldoprom_plazo_t,bigint,0,0.0,2,0.0,1.0,1.0
flag_undef_saldoprom_n1_m,bigint,0,0.0,2,0.0,1.0,1.0
flag_undef_saldoprom_n1_h,bigint,0,0.0,2,0.0,1.0,1.0
flag_undef_saldoprom_n1_pm,bigint,0,0.0,2,0.0,1.0,1.0
flag_undef_saldoprom_n1_t,bigint,0,0.0,2,0.0,1.0,1.0
flag_undef_saldoprom_n2_m,bigint,0,0.0,2,0.0,0.0,1.0
flag_undef_saldoprom_n2_h,bigint,0,0.0,2,0.0,0.0,1.0
flag_undef_saldoprom_n2_pm,bigint,0,0.0,2,0.0,1.0,1.0
flag_undef_saldoprom_n2_t,bigint,0,0.0,2,0.0,0.0,1.0
flag_undef_saldoprom_n3_m,bigint,0,0.0,2,0.0,1.0,1.0
flag_undef_saldoprom_n3_h,bigint,0,0.0,2,0.0,1.0,1.0
flag_undef_saldoprom_n3_pm,bigint,0,0.0,2,0.0,1.0,1.0
flag_undef_saldoprom_n3_t,bigint,0,0.0,2,0.0,1.0,1.0
flag_undef_saldoprom_tradic_m,bigint,0,0.0,2,0.0,1.0,1.0
flag_undef_saldoprom_tradic_h,bigint,0,0.0,2,0.0,1.0,1.0
flag_undef_saldoprom_tradic_pm,bigint,0,0.0,2,0.0,1.0,1.0
flag_undef_saldoprom_tradic_t,bigint,0,0.0,2,0.0,1.0,1.0
flag_undef_saldoprom_total_m,bigint,0,0.0,2,0.0,0.0,1.0
flag_undef_saldoprom_total_h,bigint,0,0.0,2,0.0,0.0,1.0
flag_undef_saldoprom_total_pm,bigint,0,0.0,2,0.0,1.0,1.0
flag_undef_saldoprom_total_t,bigint,0,0.0,2,0.0,0.0,1.0
ncont_ahorro_m_pc,double precision,0,0.0,2217,0.0,0.0,3515.382
ncont_ahorro_h_pc,double precision,0,0.0,2301,0.0,0.0,1817.007
ncont_ahorro_t_pc,double precision,0,0.0,2420,0.0,0.0,1860.5223
ncont_plazo_m_pc,double precision,0,0.0,16248,0.0,0.0,9231.9619
ncont_plazo_h_pc,double precision,0,0.0,15816,0.0,0.0,50999.4832
ncont_plazo_t_pc,double precision,0,0.0,16782,0.0,0.0,24214.3656
ncont_n1_m_pc,double precision,0,0.0,958,0.0,0.0,1004.5592
ncont_n1_h_pc,double precision,0,0.0,1718,0.0,0.0,22529.2219
ncont_n1_t_pc,double precision,0,0.0,1875,0.0,0.0,11016.8761
ncont_n2_m_pc,double precision,0,0.0,35206,0.0,344.8276,139240.1048
ncont_n2_h_pc,double precision,0,0.0,34681,0.0,339.213,135637.8725
ncont_n2_t_pc,double precision,0,0.0,36403,0.0,374.2119,137590.0823
ncont_n3_m_pc,double precision,0,0.0,5669,0.0,0.0,21926.8787
ncont_n3_h_pc,double precision,0,0.0,6235,0.0,0.0,51699.5094
ncont_n3_t_pc,double precision,0,0.0,6625,0.0,0.0,35793.5917
ncont_tradic_m_pc,double precision,0,0.0,17990,0.0,0.0,139286.6322
ncont_tradic_h_pc,double precision,0,0.0,17966,0.0,0.0,149279.1788
ncont_tradic_t_pc,double precision,0,0.0,18138,0.0,0.0,144541.3112
ncont_total_m_pc,double precision,0,0.0,35554,0.0,575.2561,179439.4105
ncont_total_h_pc,double precision,0,0.0,35036,0.0,553.1429,314803.5519
ncont_total_t_pc,double precision,0,0.0,36700,0.0,585.49,244974.3121
saldocont_ahorro_m_pc,double precision,0,0.0,2324,0.0,0.0,110786023.505
saldocont_ahorro_h_pc,double precision,0,0.0,2391,0.0,0.0,38138765.3759
saldocont_ahorro_t_pc,double precision,0,0.0,2608,0.0,0.0,57309559.1745
saldocont_plazo_m_pc,double precision,0,0.0,17573,0.0,0.0,4970647819.7638
saldocont_plazo_h_pc,double precision,0,0.0,17640,0.0,0.0,6439005600.0892
saldocont_plazo_t_pc,double precision,0,0.0,17980,0.0,0.0,9129421786.7479
saldocont_n1_m_pc,double precision,0,0.0,1266,0.0,0.0,1807243.2823
saldocont_n1_h_pc,double precision,0,0.0,2672,0.0,0.0,10439272.1328
saldocont_n1_t_pc,double precision,0,0.0,3018,0.0,0.0,4858769.0767
saldocont_n2_m_pc,double precision,0,0.0,39983,0.0,116654.5171,403558645.1212
saldocont_n2_h_pc,double precision,0,0.0,39440,0.0,143192.6121,267647119.4633
saldocont_n2_t_pc,double precision,0,0.0,40829,0.0,146428.9709,297270561.9633
saldocont_n3_m_pc,double precision,0,0.0,6651,0.0,0.0,48712373.7116
saldocont_n3_h_pc,double precision,0,0.0,7176,0.0,0.0,120752193.1638
saldocont_n3_t_pc,double precision,0,0.0,7440,0.0,0.0,80421412.0342
saldocont_tradic_m_pc,double precision,0,0.0,18112,0.0,0.0,2025546931.0193
saldocont_tradic_h_pc,double precision,0,0.0,18213,0.0,0.0,3346206009.6095
saldocont_tradic_t_pc,double precision,0,0.0,18367,0.0,0.0,17732933671.101
saldocont_total_m_pc,double precision,0,0.0,40008,0.0,196373.5343,6594807478.46
saldocont_total_h_pc,double precision,0,0.0,39466,0.0,261303.0888,9943222962.3322
saldocont_total_t_pc,double precision,0,0.0,40844,0.0,240278.5515,25484667824.9798
numcontcred_hip_m_pc,double precision,0,0.0,16054,0.0,4.268,9463.8695
numcontcred_hip_h_pc,double precision,0,0.0,19319,0.0,10.6636,23856.4477
numcontcred_hip_t_pc,double precision,0,0.0,21264,0.0,7.7446,16515.7832
numtar_deb_m_pc,double precision,0,0.0,33851,0.0,494.877,2839565.8263
numtar_deb_h_pc,double precision,0,0.0,35107,0.0,677.1344,2818550.6051
numtar_deb_t_pc,double precision,0,0.0,37153,0.0,609.791,2863534.0641
numtar_cred_m_pc,double precision,0,0.0,31867,0.0,242.9828,258990.1321
numtar_cred_h_pc,double precision,0,0.0,32501,0.0,337.8378,59992.699
numtar_cred_t_pc,double precision,0,0.0,35617,0.0,291.7492,148943.6142
log_pob,double precision,0,0.0,8735,4.406719,9.525297,14.469149
log_pob_adulta,double precision,0,0.0,8416,4.204693,9.19766,14.199587
log_pob_adulta_m,double precision,0,0.0,7506,3.610918,8.54364,13.550044
log_pob_adulta_h,double precision,0,0.0,7332,3.295837,8.469682,13.510175
ncont_ahorro_m_pc_w,double precision,0,0.0,1799,0.0,0.0,162.00049599999926
ncont_ahorro_h_pc_w,double precision,0,0.0,1882,0.0,0.0,185.3811439999998
ncont_ahorro_t_pc_w,double precision,0,0.0,2001,0.0,0.0,172.87002399999952
ncont_plazo_m_pc_w,double precision,0,0.0,15833,0.0,0.0,1492.1724919999983
ncont_plazo_h_pc_w,double precision,0,0.0,15405,0.0,0.0,962.455895999998
ncont_plazo_t_pc_w,double precision,0,0.0,16365,0.0,0.0,1204.91844
ncont_n1_m_pc_w,double precision,0,0.0,634,0.0,0.0,4.371899999999996
ncont_n1_h_pc_w,double precision,0,0.0,1390,0.0,0.0,2.7309439999999987
ncont_n1_t_pc_w,double precision,0,0.0,1526,0.0,0.0,3.913867999999995
ncont_n2_m_pc_w,double precision,0,0.0,34787,0.0,344.8276,7502.249327999971
ncont_n2_h_pc_w,double precision,0,0.0,34262,0.0,339.213,4457.717875999998
ncont_n2_t_pc_w,double precision,0,0.0,35985,0.0,374.2119,5236.292335999998
ncont_n3_m_pc_w,double precision,0,0.0,5255,0.0,0.0,152.7320999999991
ncont_n3_h_pc_w,double precision,0,0.0,5823,0.0,0.0,209.70754399999964
ncont_n3_t_pc_w,double precision,0,0.0,6210,0.0,0.0,181.0560959999999
ncont_tradic_m_pc_w,double precision,0,0.0,17571,0.0,0.0,16791.167675999994
ncont_tradic_h_pc_w,double precision,0,0.0,17547,0.0,0.0,17703.724967999995
ncont_tradic_t_pc_w,double precision,0,0.0,17719,0.0,0.0,17546.420295999975
ncont_total_m_pc_w,double precision,0,0.0,35135,0.0,575.2561,21346.294463999984
ncont_total_h_pc_w,double precision,0,0.0,34617,0.0,553.1429,21637.761679999985
ncont_total_t_pc_w,double precision,0,0.0,36281,0.0,585.49,21520.763347999993
saldocont_ahorro_m_pc_w,double precision,0,0.0,1905,0.0,0.0,4168904.2117919987
saldocont_ahorro_h_pc_w,double precision,0,0.0,1972,0.0,0.0,4183942.709815998
saldocont_ahorro_t_pc_w,double precision,0,0.0,2189,0.0,0.0,4161945.6373519986
saldocont_plazo_m_pc_w,double precision,0,0.0,17154,0.0,0.0,318721194.8690998
saldocont_plazo_h_pc_w,double precision,0,0.0,17221,0.0,0.0,354325919.4064037
saldocont_plazo_t_pc_w,double precision,0,0.0,17561,0.0,0.0,406713513.1643592
saldocont_n1_m_pc_w,double precision,0,0.0,852,0.0,0.0,591.071399999998
saldocont_n1_h_pc_w,double precision,0,0.0,2300,0.0,0.0,1994.3366
saldocont_n1_t_pc_w,double precision,0,0.0,2624,0.0,0.0,1300.9861399999972
saldocont_n2_m_pc_w,double precision,0,0.0,39564,0.0,116654.5171,11918433.414259922
saldocont_n2_h_pc_w,double precision,0,0.0,39021,0.0,143192.6121,7903814.923791968
saldocont_n2_t_pc_w,double precision,0,0.0,40410,0.0,146428.9709,9198099.646071984
saldocont_n3_m_pc_w,double precision,0,0.0,6232,0.0,0.0,1083014.1448639994
saldocont_n3_h_pc_w,double precision,0,0.0,6757,0.0,0.0,1321555.6709079992
saldocont_n3_t_pc_w,double precision,0,0.0,7021,0.0,0.0,1180566.6238439968
saldocont_tradic_m_pc_w,double precision,0,0.0,17693,0.0,0.0,378466137.42855966
saldocont_tradic_h_pc_w,double precision,0,0.0,17794,0.0,0.0,497419580.9900716
saldocont_tradic_t_pc_w,double precision,0,0.0,17949,0.0,0.0,792016077.8945029
saldocont_total_m_pc_w,double precision,0,0.0,39589,0.0,196373.5343,638336918.929647
saldocont_total_h_pc_w,double precision,0,0.0,39047,0.0,261303.0888,768226260.4695913
saldocont_total_t_pc_w,double precision,0,0.0,40426,0.0,240278.5515,1122209061.7660556
numcontcred_hip_m_pc_w,double precision,0,0.0,15650,0.0,4.268,386.56894399999953
numcontcred_hip_h_pc_w,double precision,0,0.0,18913,0.0,10.6636,730.8058879999999
numcontcred_hip_t_pc_w,double precision,0,0.0,20852,0.0,7.7446,569.1037199999988
numtar_deb_m_pc_w,double precision,0,0.0,33432,0.0,494.877,24156.091044
numtar_deb_h_pc_w,double precision,0,0.0,34643,13.308724000000005,677.1344,27078.490383999946
numtar_deb_t_pc_w,double precision,0,0.0,36581,23.088116,609.791,25597.457491999998
numtar_cred_m_pc_w,double precision,0,0.0,31448,0.0,242.9828,5689.142459999999
numtar_cred_h_pc_w,double precision,0,0.0,32083,0.0,337.8378,6324.100103999999
numtar_cred_t_pc_w,double precision,0,0.0,35198,0.0,291.7492,5911.8770559999975
ratio_mh_ncont_ahorro,double precision,39163,0.934566,2140,0.0,0.84729,29.295302
ratio_mh_ncont_plazo,double precision,24183,0.577091,16931,0.0,1.4974845,206.618948
ratio_mh_ncont_n1,double precision,38279,0.913471,867,0.0,0.0,86.300732
ratio_mh_ncont_n2,double precision,1504,0.035891,38116,0.0,0.967936,74.142942
ratio_mh_ncont_n3,double precision,34616,0.826059,6146,0.0,0.665507,8.443454
ratio_mh_ncont_tradic,double precision,23655,0.564491,17893,0.0,1.026766,208.820198
ratio_mh_ncont_total,double precision,1485,0.035437,38081,0.0,1.0107825,65.78844
ratio_mh_saldocont_ahorro,double precision,39344,0.938886,2146,0.0,0.951027,27068.708938
ratio_mh_saldocont_plazo,double precision,24193,0.57733,17251,0.0,1.1240450000000002,92002.005994
ratio_mh_saldocont_n1,double precision,38325,0.914569,1013,0.0,0.0,5983.991783
ratio_mh_saldocont_n2,double precision,1709,0.040783,39224,0.0,0.8197380000000001,90236.754949
ratio_mh_saldocont_n3,double precision,34642,0.826679,6420,0.0,0.765686,19378.904294
ratio_mh_saldocont_tradic,double precision,23668,0.564801,17838,0.0,0.924675,60247.012732
ratio_mh_saldocont_total,double precision,1684,0.040186,39221,0.0,0.935141,90236.754949
ratio_mh_numcontcred_hip,double precision,11911,0.284238,20639,0.0,0.4539695,7.969863
ratio_mh_numtar_deb,double precision,360,0.008591,38264,0.0,0.812786,12.22915
ratio_mh_numtar_cred,double precision,2875,0.068608,35832,0.0,0.7664225,11.595952
ever_alcaldesa,bigint,0,0.0,2,0.0,0.0,1.0
alcaldesa_acumulado,bigint,0,0.0,18,0.0,0.0,17.0
ncont_ahorro_m_pc_asinh,double precision,0,0.0,2217,0.0,0.0,8.85805067622789
ncont_ahorro_h_pc_asinh,double precision,0,0.0,2301,0.0,0.0,8.19809317717564
ncont_ahorro_t_pc_asinh,double precision,0,0.0,2420,0.0,0.0,8.221759786522167
ncont_plazo_m_pc_asinh,double precision,0,0.0,16248,0.0,0.0,9.82357404528284
ncont_plazo_h_pc_asinh,double precision,0,0.0,15816,0.0,0.0,11.532717958977852
ncont_plazo_t_pc_asinh,double precision,0,0.0,16782,0.0,0.0,10.787848536843253
ncont_n1_m_pc_asinh,double precision,0,0.0,958,0.0,0.0,7.605451545607581
ncont_n1_h_pc_asinh,double precision,0,0.0,1718,0.0,0.0,10.715715677708404
ncont_n1_t_pc_asinh,double precision,0,0.0,1875,0.0,0.0,10.000330749640774
ncont_n2_m_pc_asinh,double precision,0,0.0,35206,0.0,6.536193865042854,12.537102275155215
ncont_n2_h_pc_asinh,double precision,0,0.0,34681,0.0,6.519777581884239,12.51089109178889
ncont_n2_t_pc_asinh,double precision,0,0.0,36403,0.0,6.617971180339104,12.52518130614877
ncont_n3_m_pc_asinh,double precision,0,0.0,5669,0.0,0.0,10.688615682220604
ncont_n3_h_pc_asinh,double precision,0,0.0,6235,0.0,0.0,11.546350751743272
ncont_n3_t_pc_asinh,double precision,0,0.0,6625,0.0,0.0,11.17867133432766
ncont_tradic_m_pc_asinh,double precision,0,0.0,17990,0.0,0.0,12.537436371629633
ncont_tradic_h_pc_asinh,double precision,0,0.0,17966,0.0,0.0,12.606720695565393
ncont_tradic_t_pc_asinh,double precision,0,0.0,18138,0.0,0.0,12.574467816905027
ncont_total_m_pc_asinh,double precision,0,0.0,35554,0.0,7.04796326897408,12.790740064535717
ncont_total_h_pc_asinh,double precision,0,0.0,35036,0.0,7.008764374460834,13.35285125906105
ncont_total_t_pc_asinh,double precision,0,0.0,36700,0.0,7.065597013323085,13.10205581602255
saldocont_ahorro_m_pc_asinh,double precision,0,0.0,2324,0.0,0.0,19.21625836322925
saldocont_ahorro_h_pc_asinh,double precision,0,0.0,2391,0.0,0.0,18.149888967325666
saldocont_ahorro_t_pc_asinh,double precision,0,0.0,2608,0.0,0.0,18.55712517511098
saldocont_plazo_m_pc_asinh,double precision,0,0.0,17573,0.0,0.0,23.01996319514952
saldocont_plazo_h_pc_asinh,double precision,0,0.0,17640,0.0,0.0,23.278787135776142
saldocont_plazo_t_pc_asinh,double precision,0,0.0,17980,0.0,0.0,23.627915378973874
saldocont_n1_m_pc_asinh,double precision,0,0.0,1266,0.0,0.0,15.10046037433169
saldocont_n1_h_pc_asinh,double precision,0,0.0,2672,0.0,0.0,16.854232599467768
saldocont_n1_t_pc_asinh,double precision,0,0.0,3018,0.0,0.0,16.089442867957573
saldocont_n2_m_pc_asinh,double precision,0,0.0,39983,0.0,12.36011918081009,20.50897955674188
saldocont_n2_h_pc_asinh,double precision,0,0.0,39440,0.0,12.565093121269488,20.098327132979147
saldocont_n2_t_pc_asinh,double precision,0,0.0,40829,0.0,12.587442930164777,20.203300445675115
saldocont_n3_m_pc_asinh,double precision,0,0.0,6651,0.0,0.0,18.394590816660155
saldocont_n3_h_pc_asinh,double precision,0,0.0,7176,0.0,0.0,19.302398193739165
saldocont_n3_t_pc_asinh,double precision,0,0.0,7440,0.0,0.0,18.895938198085908
saldocont_tradic_m_pc_asinh,double precision,0,0.0,18112,0.0,0.0,22.12225277098953
saldocont_tradic_h_pc_asinh,double precision,0,0.0,18213,0.0,0.0,22.62424018709665
saldocont_tradic_t_pc_asinh,double precision,0,0.0,18367,0.0,0.0,24.291836587587945
saldocont_total_m_pc_asinh,double precision,0,0.0,40008,0.0,12.880921092315464,23.302695611204047
saldocont_total_h_pc_asinh,double precision,0,0.0,39466,0.0,13.166583452897967,23.713304227303183
saldocont_total_t_pc_asinh,double precision,0,0.0,40844,0.0,13.08270134112665,24.654490027074893
numcontcred_hip_m_pc_asinh,double precision,0,0.0,16054,0.0,2.1577426274775573,9.848383799818851
numcontcred_hip_h_pc_asinh,double precision,0,0.0,19319,0.0,3.062174567873795,10.77295698459491
numcontcred_hip_t_pc_asinh,double precision,0,0.0,21264,0.0,2.744285322972883,10.405218941731238
numtar_deb_m_pc_asinh,double precision,0,0.0,33851,0.0,6.897457448212412,15.552308900946942
numtar_deb_h_pc_asinh,double precision,0,0.0,35107,0.0,7.211017501907032,15.544880521523813
numtar_deb_t_pc_asinh,double precision,0,0.0,37153,0.0,7.1062641283901815,15.560714287271743
numtar_cred_m_pc_asinh,double precision,0,0.0,31867,0.0,6.186142073846804,13.157692420519524
numtar_cred_h_pc_asinh,double precision,0,0.0,32501,0.0,6.515715269599401,11.695125331096294
numtar_cred_t_pc_asinh,double precision,0,0.0,35617,0.0,6.369044646749255,12.604470265688875
